1,2-16,https://www.starwars.com/tv-shows/clone-wars/cat-and-mouse-episode-guide,Cat and Mouse,https://www.disneyplus.com/video/5faf61af-2ce0-4baa-a647-a4f4363eba0e?cid=DTCI-Synergy-DDN-Site-Acquisition-StarWars-US-StarWars-StarWarsTheCloneWars-EN-BlogArticleEmbed-TCWChronological_StreamOnDisneyPlusCTA-NA
2,1-16,https://www.starwars.com/tv-shows/clone-wars/the-hidden-enemy-episode-guide,Hidden Enemy,https://www.disneyplus.com/video/7c732b05-b90f-4090-a184-5652be228139?cid=DTCI-Synergy-DDN-Site-Acquisition-StarWars-US-StarWars-StarWarsTheCloneWars-EN-BlogArticleEmbed-TCWChronological_StreamOnDisneyPlusCTA-NA
,T,https://www.disneyplus.com/movies/star-wars-the-clone-wars/AVmv1ulT1nQW?cid=DTCI-Synergy-StarWars-Site-Aquisition-USLaunch-US-StarWars-StarWarsTheCloneWars-EN-NavPipe-StartStreamingNow-NA,Clone Wars Movie,https://www.disneyplus.com/movies/star-wars-the-clone-wars/AVmv1ulT1nQW?cid=DTCI-Synergy-DDN-Site-Acquisition-StarWars-US-StarWars-StarWarsTheCloneWars-EN-BlogArticleEmbed-TCWChronological_StreamOnDisneyPlusCTA-NA
3,3-01,https://www.starwars.com/tv-shows/clone-wars/clone-cadets-episode-guide,Clone Cadets,https://www.disneyplus.com/video/7851718f-2530-47e2-bf32-a8b498b3efa9?cid=DTCI-Synergy-DDN-Site-Acquisition-StarWars-US-StarWars-StarWarsTheCloneWars-EN-BlogArticleEmbed-TCWChronological_StreamOnDisneyPlusCTA-NA
4,3-03,https://www.starwars.com/tv-shows/clone-wars/supply-lines-episode-guide,Supply Lines,https://www.disneyplus.com/video/9d78f2ca-bcf7-413c-a0ab-f6afe9edf677?cid=DTCI-Synergy-DDN-Site-Acquisition-StarWars-US-StarWars-StarWarsTheCloneWars-EN-BlogArticleEmbed-TCWChronological_StreamOnDisneyPlusCTA-NA
5,1-01,https://www.starwars.com/tv-shows/clone-wars/ambush-episode-guide,Ambush,https://www.disneyplus.com/video/0bf87f10-d9a1-44ca-8371-f38543eb3706?cid=DTCI-Synergy-DDN-Site-Acquisition-StarWars-US-StarWars-StarWarsTheCloneWars-EN-BlogArticleEmbed-TCWChronological_StreamOnDisneyPlusCTA-NA
6,1-02,https://www.starwars.com/tv-shows/clone-wars/rising-malevolence-episode-guide,Rising Malevolence,https://www.disneyplus.com/video/5bb0c4dc-91f1-434b-974f-1716511ecd4e?cid=DTCI-Synergy-DDN-Site-Acquisition-StarWars-US-StarWars-StarWarsTheCloneWars-EN-BlogArticleEmbed-TCWChronological_StreamOnDisneyPlusCTA-NA
7,1-03,https://www.starwars.com/tv-shows/clone-wars/shadow-of-malevolence-episode-guide,Shadow of Malevolence,https://www.disneyplus.com/video/96e47d91-f975-4302-8bb0-73dfe9ad0a37?cid=DTCI-Synergy-DDN-Site-Acquisition-StarWars-US-StarWars-StarWarsTheCloneWars-EN-BlogArticleEmbed-TCWChronological_StreamOnDisneyPlusCTA-NA
8,1-04,https://www.starwars.com/tv-shows/clone-wars/destroy-malevolence-episode-guide,Destroy Malevolence,https://www.disneyplus.com/video/7097d305-bca4-40e9-9cf0-cc84d89583a6?cid=DTCI-Synergy-DDN-Site-Acquisition-StarWars-US-StarWars-StarWarsTheCloneWars-EN-BlogArticleEmbed-TCWChronological_StreamOnDisneyPlusCTA-NA
9,1-05,https://www.starwars.com/tv-shows/clone-wars/rookies-episode-guide,Rookies,https://www.disneyplus.com/video/598d1e7b-f39e-4527-9487-b5e891f5eefa?cid=DTCI-Synergy-DDN-Site-Acquisition-StarWars-US-StarWars-StarWarsTheCloneWars-EN-BlogArticleEmbed-TCWChronological_StreamOnDisneyPlusCTA-NA
10,1-06,https://www.starwars.com/tv-shows/clone-wars/downfall-of-a-droid-episode-guide,Downfall of a Droid,https://www.disneyplus.com/video/41059c6d-bb4c-4185-91f4-7b5eb3f15849?cid=DTCI-Synergy-DDN-Site-Acquisition-StarWars-US-StarWars-StarWarsTheCloneWars-EN-BlogArticleEmbed-TCWChronological_StreamOnDisneyPlusCTA-NA
11,1-07,https://www.starwars.com/tv-shows/clone-wars/duel-of-the-droids-episode-guide,Duel of the Droids,https://www.disneyplus.com/video/6dfef4c5-f797-4ff3-95ca-2f6e6f865f82?cid=DTCI-Synergy-DDN-Site-Acquisition-StarWars-US-StarWars-StarWarsTheCloneWars-EN-BlogArticleEmbed-TCWChronological_StreamOnDisneyPlusCTA-NA
12,1-08,https://www.starwars.com/tv-shows/clone-wars/bombad-jedi-episode-guide,Bombad Jedi,https://www.disneyplus.com/video/c0491eed-234e-461d-9e98-82dd297e1f6f?cid=DTCI-Synergy-DDN-Site-Acquisition-StarWars-US-StarWars-StarWarsTheCloneWars-EN-BlogArticleEmbed-TCWChronological_StreamOnDisneyPlusCTA-NA
13,1-09,https://www.starwars.com/tv-shows/clone-wars/cloak-of-darkness-episode-guide,Cloak of Darkness,https://www.disneyplus.com/video/96574cf0-9dd5-48f4-9625-545a13cff7db?cid=DTCI-Synergy-DDN-Site-Acquisition-StarWars-US-StarWars-StarWarsTheCloneWars-EN-BlogArticleEmbed-TCWChronological_StreamOnDisneyPlusCTA-NA
14,1-10,https://www.starwars.com/tv-shows/clone-wars/lair-of-grievous-episode-guide,Lair of Grievous,https://www.disneyplus.com/video/3755d2fb-2904-47a2-9315-fd4969401c30?cid=DTCI-Synergy-DDN-Site-Acquisition-StarWars-US-StarWars-StarWarsTheCloneWars-EN-BlogArticleEmbed-TCWChronological_StreamOnDisneyPlusCTA-NA
15,1-11,https://www.starwars.com/tv-shows/clone-wars/dooku-captured-episode-guide,Dooku Captured,https://www.disneyplus.com/video/9bc09e32-83d9-4e00-a49e-a0241b4fb243?cid=DTCI-Synergy-DDN-Site-Acquisition-StarWars-US-StarWars-StarWarsTheCloneWars-EN-BlogArticleEmbed-TCWChronological_StreamOnDisneyPlusCTA-NA
16,1-12,https://www.starwars.com/tv-shows/clone-wars/the-gungan-general-episode-guide,The Gungan General,https://www.disneyplus.com/video/c1ac160f-7cc2-444f-a8a6-e1a1aa68d12d?cid=DTCI-Synergy-DDN-Site-Acquisition-StarWars-US-StarWars-StarWarsTheCloneWars-EN-BlogArticleEmbed-TCWChronological_StreamOnDisneyPlusCTA-NA
17,1-13,https://www.starwars.com/tv-shows/clone-wars/jedi-crash-episode-guide,Jedi Crash,https://www.disneyplus.com/video/28c0b907-8efe-4400-af50-c13c66e18468?cid=DTCI-Synergy-DDN-Site-Acquisition-StarWars-US-StarWars-StarWarsTheCloneWars-EN-BlogArticleEmbed-TCWChronological_StreamOnDisneyPlusCTA-NA
18,1-14,https://www.starwars.com/tv-shows/clone-wars/defenders-of-peace-episode-guide,Defenders of Peace,https://www.disneyplus.com/video/b258d36e-98da-419a-bcc4-58826cd79f95?cid=DTCI-Synergy-DDN-Site-Acquisition-StarWars-US-StarWars-StarWarsTheCloneWars-EN-BlogArticleEmbed-TCWChronological_StreamOnDisneyPlusCTA-NA
19,1-15,https://www.starwars.com/tv-shows/clone-wars/trespass-episode-guide,Trespass,https://www.disneyplus.com/video/bf62fc31-f895-4dec-9d96-6635bda89f26?cid=DTCI-Synergy-DDN-Site-Acquisition-StarWars-US-StarWars-StarWarsTheCloneWars-EN-BlogArticleEmbed-TCWChronological_StreamOnDisneyPlusCTA-NA
20,1-17,https://www.starwars.com/tv-shows/clone-wars/blue-shadow-virus-episode-guide,Blue Shadow Virus,https://www.disneyplus.com/video/393b2b72-7e23-420d-ae09-f5332cb6b726?cid=DTCI-Synergy-DDN-Site-Acquisition-StarWars-US-StarWars-StarWarsTheCloneWars-EN-BlogArticleEmbed-TCWChronological_StreamOnDisneyPlusCTA-NA
21,1-18,https://www.starwars.com/tv-shows/clone-wars/mystery-of-a-thousand-moons-episode-guide,Mystery of a Thousand Moons,https://www.disneyplus.com/video/f6fe3f35-5e5e-440b-97d6-425ea1a1820d?cid=DTCI-Synergy-DDN-Site-Acquisition-StarWars-US-StarWars-StarWarsTheCloneWars-EN-BlogArticleEmbed-TCWChronological_StreamOnDisneyPlusCTA-NA
22,1-19,https://www.starwars.com/tv-shows/clone-wars/storm-over-ryloth-episode-guide,Storm over Ryloth,https://www.disneyplus.com/video/76710ca6-5a5f-4fbd-8bc3-2a62beba88cf?cid=DTCI-Synergy-DDN-Site-Acquisition-StarWars-US-StarWars-StarWarsTheCloneWars-EN-BlogArticleEmbed-TCWChronological_StreamOnDisneyPlusCTA-NA
23,1-20,https://www.starwars.com/tv-shows/clone-wars/innocents-of-ryloth-episode-guide,Innocents of Ryloth,https://www.disneyplus.com/video/d4f5abd5-3e71-4cef-9928-6be9527fdb89?cid=DTCI-Synergy-DDN-Site-Acquisition-StarWars-US-StarWars-StarWarsTheCloneWars-EN-BlogArticleEmbed-TCWChronological_StreamOnDisneyPlusCTA-NA
24,1-21,https://www.starwars.com/tv-shows/clone-wars/liberty-on-ryloth-episode-guide,Liberty on Ryloth,https://www.disneyplus.com/video/0f87705e-7773-4154-8ff8-fdee5671431d?cid=DTCI-Synergy-DDN-Site-Acquisition-StarWars-US-StarWars-StarWarsTheCloneWars-EN-BlogArticleEmbed-TCWChronological_StreamOnDisneyPlusCTA-NA
25,2-01,https://www.starwars.com/tv-shows/clone-wars/holocron-heist-episode-guide,Holocron Heist,https://www.disneyplus.com/video/0eb555a3-9420-4364-aef2-7186f5e4fb4e?cid=DTCI-Synergy-DDN-Site-Acquisition-StarWars-US-StarWars-StarWarsTheCloneWars-EN-BlogArticleEmbed-TCWChronological_StreamOnDisneyPlusCTA-NA
26,2-02,https://www.starwars.com/tv-shows/clone-wars/cargo-of-doom-episode-guide,Cargo of Doom,https://www.disneyplus.com/video/865525da-5daa-4188-9bca-8abd942909fd?cid=DTCI-Synergy-DDN-Site-Acquisition-StarWars-US-StarWars-StarWarsTheCloneWars-EN-BlogArticleEmbed-TCWChronological_StreamOnDisneyPlusCTA-NA
27,2-03,https://www.starwars.com/tv-shows/clone-wars/children-of-the-force-episode-guide,Children of the Force,https://www.disneyplus.com/video/2b77cbb2-045c-456d-a551-be454175ca28?cid=DTCI-Synergy-DDN-Site-Acquisition-StarWars-US-StarWars-StarWarsTheCloneWars-EN-BlogArticleEmbed-TCWChronological_StreamOnDisneyPlusCTA-NA
28,2-17,https://www.starwars.com/tv-shows/clone-wars/bounty-hunters-episode-guide,Bounty Hunters,https://www.disneyplus.com/video/2bfad4dd-0bf4-4c76-a7ce-7e34df37618a?cid=DTCI-Synergy-DDN-Site-Acquisition-StarWars-US-StarWars-StarWarsTheCloneWars-EN-BlogArticleEmbed-TCWChronological_StreamOnDisneyPlusCTA-NA
29,2-18,https://www.starwars.com/tv-shows/clone-wars/the-zillo-beast-episode-guide,The Zillo Beast,https://www.disneyplus.com/video/13d1cbe9-abf9-4691-a407-228d16cfa48d?cid=DTCI-Synergy-DDN-Site-Acquisition-StarWars-US-StarWars-StarWarsTheCloneWars-EN-BlogArticleEmbed-TCWChronological_StreamOnDisneyPlusCTA-NA
30,2-19,https://www.starwars.com/tv-shows/clone-wars/the-zillo-beast-strikes-back-episode-guide,The Zillo Beast Strikes Back,https://www.disneyplus.com/video/6f2cd6cf-8e7a-42e6-893a-6465f2683648?cid=DTCI-Synergy-DDN-Site-Acquisition-StarWars-US-StarWars-StarWarsTheCloneWars-EN-BlogArticleEmbed-TCWChronological_StreamOnDisneyPlusCTA-NA
31,2-04,https://www.starwars.com/tv-shows/clone-wars/senate-spy-episode-guide,Senate Spy,https://www.disneyplus.com/video/094ea69a-1e8f-44cd-9ebb-1551993b5129?cid=DTCI-Synergy-DDN-Site-Acquisition-StarWars-US-StarWars-StarWarsTheCloneWars-EN-BlogArticleEmbed-TCWChronological_StreamOnDisneyPlusCTA-NA
32,2-05,https://www.starwars.com/tv-shows/clone-wars/landing-at-point-rain-episode-guide,Landing at Point Rain,https://www.disneyplus.com/video/6ba55d34-2db4-4f82-b219-fc82500ca89a?cid=DTCI-Synergy-DDN-Site-Acquisition-StarWars-US-StarWars-StarWarsTheCloneWars-EN-BlogArticleEmbed-TCWChronological_StreamOnDisneyPlusCTA-NA
33,2-06,https://www.starwars.com/tv-shows/clone-wars/weapons-factory-episode-guide,Weapons Factory,https://www.disneyplus.com/video/a4fc767f-a20d-4fb6-b8ce-5e9b6ec80dac?cid=DTCI-Synergy-DDN-Site-Acquisition-StarWars-US-StarWars-StarWarsTheCloneWars-EN-BlogArticleEmbed-TCWChronological_StreamOnDisneyPlusCTA-NA
34,2-07,https://www.starwars.com/tv-shows/clone-wars/legacy-of-terror-episode-guide,Legacy of Terror,https://www.disneyplus.com/video/ed8f1cb7-f3e3-4ab0-af03-888ba8b20d25?cid=DTCI-Synergy-DDN-Site-Acquisition-StarWars-US-StarWars-StarWarsTheCloneWars-EN-BlogArticleEmbed-TCWChronological_StreamOnDisneyPlusCTA-NA
35,2-08,https://www.starwars.com/tv-shows/clone-wars/brain-invaders-episode-guide,Brain Invaders,https://www.disneyplus.com/video/521b49b5-26a5-4153-af04-3fc40e4ececd?cid=DTCI-Synergy-DDN-Site-Acquisition-StarWars-US-StarWars-StarWarsTheCloneWars-EN-BlogArticleEmbed-TCWChronological_StreamOnDisneyPlusCTA-NA
36,2-09,https://www.starwars.com/tv-shows/clone-wars/grievous-intrigue-episode-guide,Grievous Intrigue,https://www.disneyplus.com/video/83357ef1-f768-4f3b-8b03-2f0c2e4617e7?cid=DTCI-Synergy-DDN-Site-Acquisition-StarWars-US-StarWars-StarWarsTheCloneWars-EN-BlogArticleEmbed-TCWChronological_StreamOnDisneyPlusCTA-NA
37,2-10,https://www.starwars.com/tv-shows/clone-wars/the-deserter-episode-guide,The Deserter,https://www.disneyplus.com/video/09f9af96-40bd-4e9a-a18d-92fb9f373298?cid=DTCI-Synergy-DDN-Site-Acquisition-StarWars-US-StarWars-StarWarsTheCloneWars-EN-BlogArticleEmbed-TCWChronological_StreamOnDisneyPlusCTA-NA
38,2-11,https://www.starwars.com/tv-shows/clone-wars/lightsaber-lost-episode-guide,Lightsaber Lost,https://www.disneyplus.com/video/07c0124a-5234-4c58-a2f0-79508e3b14b6?cid=DTCI-Synergy-DDN-Site-Acquisition-StarWars-US-StarWars-StarWarsTheCloneWars-EN-BlogArticleEmbed-TCWChronological_StreamOnDisneyPlusCTA-NA
39,2-12,https://www.starwars.com/tv-shows/clone-wars/the-mandalore-plot-episode-guide,The Mandalore Plot,https://www.disneyplus.com/video/91d2a7e2-8eb1-411d-941e-4bd8babe4e55?cid=DTCI-Synergy-DDN-Site-Acquisition-StarWars-US-StarWars-StarWarsTheCloneWars-EN-BlogArticleEmbed-TCWChronological_StreamOnDisneyPlusCTA-NA
40,2-13,https://www.starwars.com/tv-shows/clone-wars/voyage-of-temptation-episode-guide,Voyage of Temptation,https://www.disneyplus.com/video/9d2c4240-5a2e-4f2a-ab88-628a5dc68540?cid=DTCI-Synergy-DDN-Site-Acquisition-StarWars-US-StarWars-StarWarsTheCloneWars-EN-BlogArticleEmbed-TCWChronological_StreamOnDisneyPlusCTA-NA
41,2-14,https://www.starwars.com/tv-shows/clone-wars/duchess-of-mandalore-episode-guide,Duchess of Mandalore,https://www.disneyplus.com/video/9aedb852-9abb-4c59-95c3-58f1bfb0cef6?cid=DTCI-Synergy-DDN-Site-Acquisition-StarWars-US-StarWars-StarWarsTheCloneWars-EN-BlogArticleEmbed-TCWChronological_StreamOnDisneyPlusCTA-NA
42,2-20,https://www.starwars.com/series/clone-wars/death-trap-episode-guide,Death Trap,https://www.disneyplus.com/video/c60abd64-34bd-4141-ab53-3a265a929a7b?cid=DTCI-Synergy-DDN-Site-Acquisition-StarWars-US-StarWars-StarWarsTheCloneWars-EN-BlogArticleEmbed-TCWChronological_StreamOnDisneyPlusCTA-NA
43,2-21,https://www.starwars.com/tv-shows/clone-wars/r2-come-home-episode-guide,R2 Come Home,https://www.disneyplus.com/video/28034e35-c413-4219-8072-444cef55bd64?cid=DTCI-Synergy-DDN-Site-Acquisition-StarWars-US-StarWars-StarWarsTheCloneWars-EN-BlogArticleEmbed-TCWChronological_StreamOnDisneyPlusCTA-NA
44,2-22,https://www.starwars.com/tv-shows/clone-wars/lethal-trackdown-episode-guide,Lethal Trackdown,https://www.disneyplus.com/video/eccba821-6a8a-4007-8ea2-1995ffe5637d?cid=DTCI-Synergy-DDN-Site-Acquisition-StarWars-US-StarWars-StarWarsTheCloneWars-EN-BlogArticleEmbed-TCWChronological_StreamOnDisneyPlusCTA-NA
45,3-05,https://www.starwars.com/tv-shows/clone-wars/corruption-episode-guide,Corruption,https://www.disneyplus.com/video/3ce7a07a-460a-4e02-9fe9-e7240bff2b01?cid=DTCI-Synergy-DDN-Site-Acquisition-StarWars-US-StarWars-StarWarsTheCloneWars-EN-BlogArticleEmbed-TCWChronological_StreamOnDisneyPlusCTA-NA
46,3-06,https://www.starwars.com/tv-shows/clone-wars/the-academy-episode-guide,The Academy,https://www.disneyplus.com/video/f464497e-a4e5-44db-922e-d44d1a70fd73?cid=DTCI-Synergy-DDN-Site-Acquisition-StarWars-US-StarWars-StarWarsTheCloneWars-EN-BlogArticleEmbed-TCWChronological_StreamOnDisneyPlusCTA-NA
47,3-07,https://www.starwars.com/tv-shows/clone-wars/assassin-episode-guide,Assassin,https://www.disneyplus.com/video/652f203c-8b9a-4b3f-981a-59915aa99cfb?cid=DTCI-Synergy-DDN-Site-Acquisition-StarWars-US-StarWars-StarWarsTheCloneWars-EN-BlogArticleEmbed-TCWChronological_StreamOnDisneyPlusCTA-NA
48,3-02,https://www.starwars.com/tv-shows/clone-wars/arc-troopers-episode-guide,ARC Troopers,https://www.disneyplus.com/video/6e2c8c2f-a7ce-49d5-ad90-88f4a97eb303?cid=DTCI-Synergy-DDN-Site-Acquisition-StarWars-US-StarWars-StarWarsTheCloneWars-EN-BlogArticleEmbed-TCWChronological_StreamOnDisneyPlusCTA-NA
49,3-04,https://www.starwars.com/tv-shows/clone-wars/sphere-of-influence-episode-guide,Sphere of Influence,https://www.disneyplus.com/video/b091b508-0880-4cb6-9d2b-24c2075acd52?cid=DTCI-Synergy-DDN-Site-Acquisition-StarWars-US-StarWars-StarWarsTheCloneWars-EN-BlogArticleEmbed-TCWChronological_StreamOnDisneyPlusCTA-NA
50,3-08,https://www.starwars.com/tv-shows/clone-wars/evil-plans-episode-guide,Evil Plans,https://www.disneyplus.com/video/c69bad71-ab68-4c2c-8da7-add1e929b6bd?cid=DTCI-Synergy-DDN-Site-Acquisition-StarWars-US-StarWars-StarWarsTheCloneWars-EN-BlogArticleEmbed-TCWChronological_StreamOnDisneyPlusCTA-NA
51,1-22,https://www.starwars.com/tv-shows/clone-wars/hostage-crisis-episode-guide,Hostage Crisis,https://www.disneyplus.com/video/fd88476e-ab17-437e-94e3-7465b5adda40?cid=DTCI-Synergy-DDN-Site-Acquisition-StarWars-US-StarWars-StarWarsTheCloneWars-EN-BlogArticleEmbed-TCWChronological_StreamOnDisneyPlusCTA-NA
52,3-09,https://www.starwars.com/tv-shows/clone-wars/hunt-for-ziro-episode-guide,Hunt for Ziro,https://www.disneyplus.com/video/b6d7ab23-6fa5-4311-973c-0eebb8e62133?cid=DTCI-Synergy-DDN-Site-Acquisition-StarWars-US-StarWars-StarWarsTheCloneWars-EN-BlogArticleEmbed-TCWChronological_StreamOnDisneyPlusCTA-NA
53,3-10,https://www.starwars.com/tv-shows/clone-wars/heroes-on-both-sides-episode-guide,Heroes on Both Side,https://www.disneyplus.com/video/1e012171-5147-461e-b42c-80ee6bed9c29?cid=DTCI-Synergy-DDN-Site-Acquisition-StarWars-US-StarWars-StarWarsTheCloneWars-EN-BlogArticleEmbed-TCWChronological_StreamOnDisneyPlusCTA-NA
54,3-11,https://www.starwars.com/tv-shows/clone-wars/pursuit-of-peace-episode-guide,Pursuit of Peace,https://www.disneyplus.com/video/ac44bc69-553d-4c58-83ab-e621966d35e4?cid=DTCI-Synergy-DDN-Site-Acquisition-StarWars-US-StarWars-StarWarsTheCloneWars-EN-BlogArticleEmbed-TCWChronological_StreamOnDisneyPlusCTA-NA
55,2-15,https://www.starwars.com/tv-shows/clone-wars/senate-murders-episode-guide,Senate Murders,https://www.disneyplus.com/video/af719ca6-3fae-435e-a2f5-07d5a3f6499d?cid=DTCI-Synergy-DDN-Site-Acquisition-StarWars-US-StarWars-StarWarsTheCloneWars-EN-BlogArticleEmbed-TCWChronological_StreamOnDisneyPlusCTA-NA
56,3-12,https://www.starwars.com/tv-shows/clone-wars/nightsisters-episode-guide,Nightsisters,https://www.disneyplus.com/video/7efbccb3-2bc5-4271-8e20-ab78c9efbccc?cid=DTCI-Synergy-DDN-Site-Acquisition-StarWars-US-StarWars-StarWarsTheCloneWars-EN-BlogArticleEmbed-TCWChronological_StreamOnDisneyPlusCTA-NA
57,3-13,https://www.starwars.com/tv-shows/clone-wars/monster-episode-guide,Monster,https://www.disneyplus.com/video/60ae22d3-0e23-42ae-9931-30076c8cd519?cid=DTCI-Synergy-DDN-Site-Acquisition-StarWars-US-StarWars-StarWarsTheCloneWars-EN-BlogArticleEmbed-TCWChronological_StreamOnDisneyPlusCTA-NA
58,3-14,https://www.starwars.com/tv-shows/clone-wars/witches-of-the-mist-episode-guide,Witches of the Mist,https://www.disneyplus.com/video/43682151-f351-4280-9a86-ca1986ac7a72?cid=DTCI-Synergy-DDN-Site-Acquisition-StarWars-US-StarWars-StarWarsTheCloneWars-EN-BlogArticleEmbed-TCWChronological_StreamOnDisneyPlusCTA-NA
59,3-15,https://www.starwars.com/tv-shows/clone-wars/overlords-episode-guide,Overlords,https://www.disneyplus.com/video/48c78dd1-73f6-40ef-9e0d-d469ea00ada8?cid=DTCI-Synergy-DDN-Site-Acquisition-StarWars-US-StarWars-StarWarsTheCloneWars-EN-BlogArticleEmbed-TCWChronological_StreamOnDisneyPlusCTA-NA
60,3-16,https://www.starwars.com/tv-shows/clone-wars/altar-of-mortis-episode-guide,Altar of Mortis,https://www.disneyplus.com/video/75e60bba-9b85-4531-aec2-7f3b9ed18e4c?cid=DTCI-Synergy-DDN-Site-Acquisition-StarWars-US-StarWars-StarWarsTheCloneWars-EN-BlogArticleEmbed-TCWChronological_StreamOnDisneyPlusCTA-NA
61,3-17,https://www.starwars.com/tv-shows/clone-wars/ghosts-of-mortis-episode-guide,Ghosts of Mortis,https://www.disneyplus.com/video/6eccdac1-2d29-416d-88f7-779791c8bbca?cid=DTCI-Synergy-DDN-Site-Acquisition-StarWars-US-StarWars-StarWarsTheCloneWars-EN-BlogArticleEmbed-TCWChronological_StreamOnDisneyPlusCTA-NA
62,3-18,https://www.starwars.com/tv-shows/clone-wars/the-citadel-episode-guide,The Citadel,https://www.disneyplus.com/video/5ce7d03a-c7d7-4e63-8cb1-eae92bcd1349?cid=DTCI-Synergy-DDN-Site-Acquisition-StarWars-US-StarWars-StarWarsTheCloneWars-EN-BlogArticleEmbed-TCWChronological_StreamOnDisneyPlusCTA-NA
63,3-19,https://www.starwars.com/tv-shows/clone-wars/counterattack-episode-guide,Counter Attack,https://www.disneyplus.com/video/da31968a-f4f6-457b-8d4a-9938d5bdb6f0?cid=DTCI-Synergy-DDN-Site-Acquisition-StarWars-US-StarWars-StarWarsTheCloneWars-EN-BlogArticleEmbed-TCWChronological_StreamOnDisneyPlusCTA-NA
64,3-20,https://www.starwars.com/tv-shows/clone-wars/citadel-rescue-episode-guide,Citadel Rescue,https://www.disneyplus.com/video/8799713b-3cd0-48e7-b32d-aef303971020?cid=DTCI-Synergy-DDN-Site-Acquisition-StarWars-US-StarWars-StarWarsTheCloneWars-EN-BlogArticleEmbed-TCWChronological_StreamOnDisneyPlusCTA-NA
65,3-21,https://www.starwars.com/tv-shows/clone-wars/padawan-lost-episode-guide,Padawan Lost,https://www.disneyplus.com/video/e9010f4d-8e53-4100-9e56-37526a34d8cb?cid=DTCI-Synergy-DDN-Site-Acquisition-StarWars-US-StarWars-StarWarsTheCloneWars-EN-BlogArticleEmbed-TCWChronological_StreamOnDisneyPlusCTA-NA
66,3-22,https://www.starwars.com/tv-shows/clone-wars/wookiee-hunt-episode-guide,Wookiee Hunt,https://www.disneyplus.com/video/d332b464-3b44-4ace-af1b-bcabcf5f9155?cid=DTCI-Synergy-DDN-Site-Acquisition-StarWars-US-StarWars-StarWarsTheCloneWars-EN-BlogArticleEmbed-TCWChronological_StreamOnDisneyPlusCTA-NA
67,4-01,https://www.starwars.com/tv-shows/clone-wars/water-war-episode-guide,Water War,https://www.disneyplus.com/video/0118dfcf-cb59-44eb-bb93-15888e9cb8a6?cid=DTCI-Synergy-DDN-Site-Acquisition-StarWars-US-StarWars-StarWarsTheCloneWars-EN-BlogArticleEmbed-TCWChronological_StreamOnDisneyPlusCTA-NA
68,4-02,https://www.starwars.com/tv-shows/clone-wars/gungan-attack-episode-guide,Gungan Attack,https://www.disneyplus.com/video/661736f6-035f-4d8f-98b7-d1a75d3359db?cid=DTCI-Synergy-DDN-Site-Acquisition-StarWars-US-StarWars-StarWarsTheCloneWars-EN-BlogArticleEmbed-TCWChronological_StreamOnDisneyPlusCTA-NA
69,4-03,https://www.starwars.com/tv-shows/clone-wars/prisoners-episode-guide,Prisoners,https://www.disneyplus.com/video/a78235e0-c137-410c-abd8-69601e432648?cid=DTCI-Synergy-DDN-Site-Acquisition-StarWars-US-StarWars-StarWarsTheCloneWars-EN-BlogArticleEmbed-TCWChronological_StreamOnDisneyPlusCTA-NA
70,4-04,https://www.starwars.com/tv-shows/clone-wars/shadow-warrior-episode-guide,Shadow Warrior,https://www.disneyplus.com/video/794938c4-0700-4b1f-a6c3-20aff7ca1b39?cid=DTCI-Synergy-DDN-Site-Acquisition-StarWars-US-StarWars-StarWarsTheCloneWars-EN-BlogArticleEmbed-TCWChronological_StreamOnDisneyPlusCTA-NA
71,4-05,https://www.starwars.com/tv-shows/clone-wars/mercy-mission-episode-guide,Mercy Mission,https://www.disneyplus.com/video/1d717a67-fdce-4404-aed6-3cca361e0946?cid=DTCI-Synergy-DDN-Site-Acquisition-StarWars-US-StarWars-StarWarsTheCloneWars-EN-BlogArticleEmbed-TCWChronological_StreamOnDisneyPlusCTA-NA
72,4-06,https://www.starwars.com/tv-shows/clone-wars/nomad-droids-episode-guide,Nomad Droids,https://www.disneyplus.com/video/70b7d424-fd27-4388-b934-b4bfad3f898d?cid=DTCI-Synergy-DDN-Site-Acquisition-StarWars-US-StarWars-StarWarsTheCloneWars-EN-BlogArticleEmbed-TCWChronological_StreamOnDisneyPlusCTA-NA
73,4-07,https://www.starwars.com/tv-shows/clone-wars/darkness-on-umbara-episode-guide,Darkness on Umbara,https://www.disneyplus.com/video/f9bfac62-4bb9-443b-905c-db5d978df3f2?cid=DTCI-Synergy-DDN-Site-Acquisition-StarWars-US-StarWars-StarWarsTheCloneWars-EN-BlogArticleEmbed-TCWChronological_StreamOnDisneyPlusCTA-NA
74,4-08,https://www.starwars.com/tv-shows/clone-wars/the-general-episode-guide,The General,https://www.disneyplus.com/video/61e6b80b-ae44-431d-ae37-3ff46db6fdf6?cid=DTCI-Synergy-DDN-Site-Acquisition-StarWars-US-StarWars-StarWarsTheCloneWars-EN-BlogArticleEmbed-TCWChronological_StreamOnDisneyPlusCTA-NA
75,4-09,https://www.starwars.com/tv-shows/clone-wars/plan-of-dissent-episode-guide,Plan of Dissent,https://www.disneyplus.com/video/5dfa03d3-ec0c-462e-96b9-9995bb5b7e1d?cid=DTCI-Synergy-DDN-Site-Acquisition-StarWars-US-StarWars-StarWarsTheCloneWars-EN-BlogArticleEmbed-TCWChronological_StreamOnDisneyPlusCTA-NA
76,4-10,https://www.starwars.com/tv-shows/clone-wars/carnage-of-krell-episode-guide,Carnage of Krell,https://www.disneyplus.com/video/3ea87b6f-c298-4847-a69d-05d6ec748f59?cid=DTCI-Synergy-DDN-Site-Acquisition-StarWars-US-StarWars-StarWarsTheCloneWars-EN-BlogArticleEmbed-TCWChronological_StreamOnDisneyPlusCTA-NA
77,4-11,https://www.starwars.com/tv-shows/clone-wars/kidnapped-episode-guide,Kidnapped,https://www.disneyplus.com/video/02bd06fc-230f-4667-b9da-23fb11d66b70?cid=DTCI-Synergy-DDN-Site-Acquisition-StarWars-US-StarWars-StarWarsTheCloneWars-EN-BlogArticleEmbed-TCWChronological_StreamOnDisneyPlusCTA-NA
78,4-12,https://www.starwars.com/tv-shows/clone-wars/slaves-of-the-republic-episode-guide,Slaves of the Republic,https://www.disneyplus.com/video/22ffd322-9702-403f-93d3-47dc7780e062?cid=DTCI-Synergy-DDN-Site-Acquisition-StarWars-US-StarWars-StarWarsTheCloneWars-EN-BlogArticleEmbed-TCWChronological_StreamOnDisneyPlusCTA-NA
79,4-13,https://www.starwars.com/tv-shows/clone-wars/escape-from-kadavo-episode-guide,Escape from Kadavo,https://www.disneyplus.com/video/b2e1fd41-8496-4860-9ef8-80bed1b92754?cid=DTCI-Synergy-DDN-Site-Acquisition-StarWars-US-StarWars-StarWarsTheCloneWars-EN-BlogArticleEmbed-TCWChronological_StreamOnDisneyPlusCTA-NA
80,4-14,https://www.starwars.com/series/clone-wars/-episode-guidea-friend-in-need,A Friend In Need,https://www.disneyplus.com/video/916bff39-2aae-47db-b43a-e22f4179d093?cid=DTCI-Synergy-DDN-Site-Acquisition-StarWars-US-StarWars-StarWarsTheCloneWars-EN-BlogArticleEmbed-TCWChronological_StreamOnDisneyPlusCTA-NA
81,4-15,https://www.starwars.com/series/clone-wars/deception-episode-guide,Deception,https://www.disneyplus.com/video/c639cb21-5137-4090-a440-8f84a171d235?cid=DTCI-Synergy-DDN-Site-Acquisition-StarWars-US-StarWars-StarWarsTheCloneWars-EN-BlogArticleEmbed-TCWChronological_StreamOnDisneyPlusCTA-NA
82,4-16,https://www.starwars.com/tv-shows/clone-wars/friends-and-enemies-episode-guide,Friends and Enemies,https://www.disneyplus.com/video/8fa14ce6-7c73-48b9-b271-16dffeb62fec?cid=DTCI-Synergy-DDN-Site-Acquisition-StarWars-US-StarWars-StarWarsTheCloneWars-EN-BlogArticleEmbed-TCWChronological_StreamOnDisneyPlusCTA-NA
83,4-17,https://www.starwars.com/tv-shows/clone-wars/the-box-episode-guide,The Box,https://www.disneyplus.com/video/f95cb9de-abf7-4d7f-8a65-d9a731a60f47?cid=DTCI-Synergy-DDN-Site-Acquisition-StarWars-US-StarWars-StarWarsTheCloneWars-EN-BlogArticleEmbed-TCWChronological_StreamOnDisneyPlusCTA-NA
84,4-18,https://www.starwars.com/tv-shows/clone-wars/crisis-on-naboo-episode-guide,Crisis on Naboo,https://www.disneyplus.com/video/ca31a17c-8cb2-4b69-acf5-4f1e399abf5d?cid=DTCI-Synergy-DDN-Site-Acquisition-StarWars-US-StarWars-StarWarsTheCloneWars-EN-BlogArticleEmbed-TCWChronological_StreamOnDisneyPlusCTA-NA
85,4-19,https://www.starwars.com/tv-shows/clone-wars/massacre-episode-guide,Massacre,https://www.disneyplus.com/video/2467b031-3144-40b8-a3c2-55160986820d?cid=DTCI-Synergy-DDN-Site-Acquisition-StarWars-US-StarWars-StarWarsTheCloneWars-EN-BlogArticleEmbed-TCWChronological_StreamOnDisneyPlusCTA-NA
86,4-20,https://www.starwars.com/tv-shows/clone-wars/bounty-episode-guide,Bounty,https://www.disneyplus.com/video/f7e92583-e67e-4ade-8da8-f64a2b38534a?cid=DTCI-Synergy-DDN-Site-Acquisition-StarWars-US-StarWars-StarWarsTheCloneWars-EN-BlogArticleEmbed-TCWChronological_StreamOnDisneyPlusCTA-NA
87,4-21,https://www.starwars.com/tv-shows/clone-wars/brothers-episode-guide,Brothers,https://www.disneyplus.com/video/ea059b38-a21c-4ff2-8e64-6c3bda2d6afc?cid=DTCI-Synergy-DDN-Site-Acquisition-StarWars-US-StarWars-StarWarsTheCloneWars-EN-BlogArticleEmbed-TCWChronological_StreamOnDisneyPlusCTA-NA
88,4-22,https://www.starwars.com/tv-shows/clone-wars/revenge-episode-guide,Revenge,https://www.disneyplus.com/video/6a302c32-b9bb-4d73-b69d-7698df40ae54?cid=DTCI-Synergy-DDN-Site-Acquisition-StarWars-US-StarWars-StarWarsTheCloneWars-EN-BlogArticleEmbed-TCWChronological_StreamOnDisneyPlusCTA-NA
89,5-02,https://www.starwars.com/tv-shows/clone-wars/a-war-on-two-fronts-episode-guide,A War on Two Fronts,https://www.disneyplus.com/video/ede2e807-00f4-4c49-b634-16d7826ef47a?cid=DTCI-Synergy-DDN-Site-Acquisition-StarWars-US-StarWars-StarWarsTheCloneWars-EN-BlogArticleEmbed-TCWChronological_StreamOnDisneyPlusCTA-NA
90,5-03,https://www.starwars.com/tv-shows/clone-wars/front-runners-episode-guide,Front Runners,https://www.disneyplus.com/video/e834cd28-5335-43c7-a5f1-9814431f414c?cid=DTCI-Synergy-DDN-Site-Acquisition-StarWars-US-StarWars-StarWarsTheCloneWars-EN-BlogArticleEmbed-TCWChronological_StreamOnDisneyPlusCTA-NA
91,5-04,https://www.starwars.com/tv-shows/clone-wars/the-soft-war-episode-guide,The Soft War,https://www.disneyplus.com/video/bda5b155-0414-458c-9c65-457697ae8fb5?cid=DTCI-Synergy-DDN-Site-Acquisition-StarWars-US-StarWars-StarWarsTheCloneWars-EN-BlogArticleEmbed-TCWChronological_StreamOnDisneyPlusCTA-NA
92,5-05,https://www.starwars.com/tv-shows/clone-wars/tipping-points-episode-guide,Tipping Points,https://www.disneyplus.com/video/682b3543-c8ae-4f19-99f9-411bb43a0467?cid=DTCI-Synergy-DDN-Site-Acquisition-StarWars-US-StarWars-StarWarsTheCloneWars-EN-BlogArticleEmbed-TCWChronological_StreamOnDisneyPlusCTA-NA
93,5-06,https://www.starwars.com/tv-shows/clone-wars/the-gathering-episode-guide,The Gathering,https://www.disneyplus.com/video/dce32899-0e62-479d-b33a-37ca69ad9565?cid=DTCI-Synergy-DDN-Site-Acquisition-StarWars-US-StarWars-StarWarsTheCloneWars-EN-BlogArticleEmbed-TCWChronological_StreamOnDisneyPlusCTA-NA
94,5-07,https://www.starwars.com/tv-shows/clone-wars/a-test-of-strength-episode-guide,A Test of Strength,https://www.disneyplus.com/video/da339c6c-de91-40f2-a091-09cb11a80f17?cid=DTCI-Synergy-DDN-Site-Acquisition-StarWars-US-StarWars-StarWarsTheCloneWars-EN-BlogArticleEmbed-TCWChronological_StreamOnDisneyPlusCTA-NA
95,5-08,https://www.starwars.com/series/clone-wars/bound-for-rescue-episode-guide,Bound for Rescue,https://www.disneyplus.com/video/8cc2c6fb-ec6b-406e-a334-bb44f2fed008?cid=DTCI-Synergy-DDN-Site-Acquisition-StarWars-US-StarWars-StarWarsTheCloneWars-EN-BlogArticleEmbed-TCWChronological_StreamOnDisneyPlusCTA-NA
96,5-09,https://www.starwars.com/series/clone-wars/a-necessary-bond-episode-guide,A Necessary Bond,https://www.disneyplus.com/video/06eb2462-5d0c-42a9-a1b4-acc9ccfd109e?cid=DTCI-Synergy-DDN-Site-Acquisition-StarWars-US-StarWars-StarWarsTheCloneWars-EN-BlogArticleEmbed-TCWChronological_StreamOnDisneyPlusCTA-NA
97,5-10,https://www.starwars.com/tv-shows/clone-wars/secret-weapons-episode-guide,Secret Weapons,https://www.disneyplus.com/video/29f4f86d-1c16-47b5-9f2c-9df1e58fc01f?cid=DTCI-Synergy-DDN-Site-Acquisition-StarWars-US-StarWars-StarWarsTheCloneWars-EN-BlogArticleEmbed-TCWChronological_StreamOnDisneyPlusCTA-NA
98,5-11,https://www.starwars.com/tv-shows/clone-wars/a-sunny-day-in-the-void-episode-guide,A Sunny Day in the Void,https://www.disneyplus.com/video/9c96ac8c-2f1e-463e-8361-218fb2796aff?cid=DTCI-Synergy-DDN-Site-Acquisition-StarWars-US-StarWars-StarWarsTheCloneWars-EN-BlogArticleEmbed-TCWChronological_StreamOnDisneyPlusCTA-NA
99,5-12,https://www.starwars.com/tv-shows/clone-wars/missing-in-action-episode-guide,Missing in Action,https://www.disneyplus.com/video/3f8328ff-925d-4554-808c-5dc2c03c5df7?cid=DTCI-Synergy-DDN-Site-Acquisition-StarWars-US-StarWars-StarWarsTheCloneWars-EN-BlogArticleEmbed-TCWChronological_StreamOnDisneyPlusCTA-NA
100,5-13,https://www.starwars.com/tv-shows/clone-wars/point-of-no-return-episode-guide,Point of No Return,https://www.disneyplus.com/video/7fd11383-337a-43ef-a633-94f357cc511a?cid=DTCI-Synergy-DDN-Site-Acquisition-StarWars-US-StarWars-StarWarsTheCloneWars-EN-BlogArticleEmbed-TCWChronological_StreamOnDisneyPlusCTA-NA
101,5-01,https://www.starwars.com/tv-shows/clone-wars/revival-episode-guide,Revival,https://www.disneyplus.com/video/46bf27c0-bc74-404a-98de-56bbe187d941?cid=DTCI-Synergy-DDN-Site-Acquisition-StarWars-US-StarWars-StarWarsTheCloneWars-EN-BlogArticleEmbed-TCWChronological_StreamOnDisneyPlusCTA-NA
102,5-14,https://www.starwars.com/tv-shows/clone-wars/eminence-episode-guide,Eminence,https://www.disneyplus.com/video/bce6b831-36ff-4ef7-9c85-7ae8030cdbcb?cid=DTCI-Synergy-DDN-Site-Acquisition-StarWars-US-StarWars-StarWarsTheCloneWars-EN-BlogArticleEmbed-TCWChronological_StreamOnDisneyPlusCTA-NA
103,5-15,https://www.starwars.com/tv-shows/clone-wars/shades-of-reason-episode-guide,Shades of Reason,https://www.disneyplus.com/video/9fce5334-6a7b-4308-9d90-e50e579b5cbb?cid=DTCI-Synergy-DDN-Site-Acquisition-StarWars-US-StarWars-StarWarsTheCloneWars-EN-BlogArticleEmbed-TCWChronological_StreamOnDisneyPlusCTA-NA
104,5-16,https://www.starwars.com/tv-shows/clone-wars/the-lawless-episode-guide,The Lawless,https://www.disneyplus.com/video/13bc0d23-46f6-4650-952c-57a19aac17bd?cid=DTCI-Synergy-DDN-Site-Acquisition-StarWars-US-StarWars-StarWarsTheCloneWars-EN-BlogArticleEmbed-TCWChronological_StreamOnDisneyPlusCTA-NA
105,5-17,https://www.starwars.com/tv-shows/clone-wars/sabotage-episode-guide,Sabotage,https://www.disneyplus.com/video/17176f47-85e5-4687-ae84-a3d7f6984415?cid=DTCI-Synergy-DDN-Site-Acquisition-StarWars-US-StarWars-StarWarsTheCloneWars-EN-BlogArticleEmbed-TCWChronological_StreamOnDisneyPlusCTA-NA
106,5-18,https://www.starwars.com/tv-shows/clone-wars/the-jedi-who-knew-too-much-episode-guide,The Jedi Who Knew Too Much,https://www.disneyplus.com/video/a799d6f3-a50e-4be0-b8f2-8102f11c1bb7?cid=DTCI-Synergy-DDN-Site-Acquisition-StarWars-US-StarWars-StarWarsTheCloneWars-EN-BlogArticleEmbed-TCWChronological_StreamOnDisneyPlusCTA-NA
107,5-19,https://www.starwars.com/tv-shows/clone-wars/to-catch-a-jedi-episode-guide,To Catch a Jedi,https://www.disneyplus.com/video/d504b77e-8c64-44a4-b051-ca5e9300d4a9?cid=DTCI-Synergy-DDN-Site-Acquisition-StarWars-US-StarWars-StarWarsTheCloneWars-EN-BlogArticleEmbed-TCWChronological_StreamOnDisneyPlusCTA-NA
108,5-20,https://www.starwars.com/tv-shows/clone-wars/the-wrong-jedi-episode-guide,The Wrong Jedi,https://www.disneyplus.com/video/c09fcde1-1b4d-40da-af52-5d8fa0611a53?cid=DTCI-Synergy-DDN-Site-Acquisition-StarWars-US-StarWars-StarWarsTheCloneWars-EN-BlogArticleEmbed-TCWChronological_StreamOnDisneyPlusCTA-NA
109,6-01,https://www.starwars.com/tv-shows/clone-wars/the-unknown-episode-guide,The Unknown,https://www.disneyplus.com/video/ec135b2d-d990-4564-99d4-2e3a2ee866bd?cid=DTCI-Synergy-DDN-Site-Acquisition-StarWars-US-StarWars-StarWarsTheCloneWars-EN-BlogArticleEmbed-TCWChronological_StreamOnDisneyPlusCTA-NA
110,6-02,https://www.starwars.com/tv-shows/clone-wars/conspiracy-episode-guide,Conspiracy,https://www.disneyplus.com/video/d4e8fd92-4d92-494d-8d49-d5b148bdcbb5?cid=DTCI-Synergy-DDN-Site-Acquisition-StarWars-US-StarWars-StarWarsTheCloneWars-EN-BlogArticleEmbed-TCWChronological_StreamOnDisneyPlusCTA-NA
111,6-03,https://www.starwars.com/tv-shows/clone-wars/fugitive-episode-guide,Fugitive,https://www.disneyplus.com/video/e3d63b2f-8e40-4064-9fe8-1f32299f17d3?cid=DTCI-Synergy-DDN-Site-Acquisition-StarWars-US-StarWars-StarWarsTheCloneWars-EN-BlogArticleEmbed-TCWChronological_StreamOnDisneyPlusCTA-NA
112,6-04,https://www.starwars.com/tv-shows/clone-wars/orders-episode-guide,Orders,https://www.disneyplus.com/video/46c3decc-a11c-4d2e-a792-069ebe535003?cid=DTCI-Synergy-DDN-Site-Acquisition-StarWars-US-StarWars-StarWarsTheCloneWars-EN-BlogArticleEmbed-TCWChronological_StreamOnDisneyPlusCTA-NA
113,6-05,https://www.starwars.com/tv-shows/clone-wars/an-old-friend-episode-guide,An Old Friend,https://www.disneyplus.com/video/64438a1c-f629-4085-b461-33fac7ea99ba?cid=DTCI-Synergy-DDN-Site-Acquisition-StarWars-US-StarWars-StarWarsTheCloneWars-EN-BlogArticleEmbed-TCWChronological_StreamOnDisneyPlusCTA-NA
114,6-06,https://www.starwars.com/tv-shows/clone-wars/the-rise-of-clovis-episode-guide,The Rise of Clovis,https://www.disneyplus.com/video/cad54530-94eb-4b92-b380-b0a807d195c5?cid=DTCI-Synergy-DDN-Site-Acquisition-StarWars-US-StarWars-StarWarsTheCloneWars-EN-BlogArticleEmbed-TCWChronological_StreamOnDisneyPlusCTA-NA
115,6-07,https://www.starwars.com/tv-shows/clone-wars/crisis-at-the-heart-episode-guide,Crisis at the Heart,https://www.disneyplus.com/video/2a2fc61d-3813-4cf8-88a7-cab1975cee35?cid=DTCI-Synergy-DDN-Site-Acquisition-StarWars-US-StarWars-StarWarsTheCloneWars-EN-BlogArticleEmbed-TCWChronological_StreamOnDisneyPlusCTA-NA
116,6-08,https://www.starwars.com/tv-shows/clone-wars/the-disappeared-part-i-episode-guide,The Disappeared,https://www.disneyplus.com/video/6173c7f8-b2d8-448c-8143-77eb71c73589?cid=DTCI-Synergy-DDN-Site-Acquisition-StarWars-US-StarWars-StarWarsTheCloneWars-EN-BlogArticleEmbed-TCWChronological_StreamOnDisneyPlusCTA-NA
117,6-09,https://www.starwars.com/tv-shows/clone-wars/the-disappeared-part-ii-episode-guide,The Disappeared: Pt. II,https://www.disneyplus.com/video/2e4fe8fe-c7e3-40dc-87d7-bdb7e02eb896?cid=DTCI-Synergy-DDN-Site-Acquisition-StarWars-US-StarWars-StarWarsTheCloneWars-EN-BlogArticleEmbed-TCWChronological_StreamOnDisneyPlusCTA-NA
118,6-10,https://www.starwars.com/tv-shows/clone-wars/the-lost-one-episode-guide,The Lost One,https://www.disneyplus.com/video/f8d1131b-c197-4e8e-b1a5-9f9ad5e7cb9b?cid=DTCI-Synergy-DDN-Site-Acquisition-StarWars-US-StarWars-StarWarsTheCloneWars-EN-BlogArticleEmbed-TCWChronological_StreamOnDisneyPlusCTA-NA
119,6-11,https://www.starwars.com/tv-shows/clone-wars/voices-episode-guide,Voices,https://www.disneyplus.com/video/ced4924c-6c39-4346-b07e-d22fb33de653?cid=DTCI-Synergy-DDN-Site-Acquisition-StarWars-US-StarWars-StarWarsTheCloneWars-EN-BlogArticleEmbed-TCWChronological_StreamOnDisneyPlusCTA-NA
120,6-12,https://www.starwars.com/tv-shows/clone-wars/destiny-episode-guide,Destiny,https://www.disneyplus.com/video/99e77e6b-d43a-4f6f-b07c-51d48ee4c3bd?cid=DTCI-Synergy-DDN-Site-Acquisition-StarWars-US-StarWars-StarWarsTheCloneWars-EN-BlogArticleEmbed-TCWChronological_StreamOnDisneyPlusCTA-NA
121,6-13,https://www.starwars.com/tv-shows/clone-wars/sacrifice-episode-guide,Sacrifice,https://www.disneyplus.com/video/37357ff9-88a7-4652-b16e-cda4808d1930?cid=DTCI-Synergy-DDN-Site-Acquisition-StarWars-US-StarWars-StarWarsTheCloneWars-EN-BlogArticleEmbed-TCWChronological_StreamOnDisneyPlusCTA-NA
122,7-05,https://www.starwars.com/series/clone-wars/gone-with-a-trace-episode-guide,Gone with a Trace,https://www.disneyplus.com/en-gb/video/a1dfba86-2134-41e9-8794-e8040896bef6?cid=DTCI-Synergy-DDN-Site-Acquisition-StarWars-US-StarWars-StarWarsTheCloneWars-EN-BlogArticleEmbed-TCWChronological_StreamOnDisneyPlusCTA-NA
123,7-06,https://www.starwars.com/series/clone-wars/deal-no-deal-episode-guide,Deal No Deal,https://www.disneyplus.com/en-gb/video/7ed29bb0-bfff-462c-ae96-f89a4f3f89e2?cid=DTCI-Synergy-DDN-Site-Acquisition-StarWars-US-StarWars-StarWarsTheCloneWars-EN-BlogArticleEmbed-TCWChronological_StreamOnDisneyPlusCTA-NA
124,7-07,https://www.starwars.com/series/clone-wars/dangerous-debt-episode-guide,Dangerous Debt,https://www.disneyplus.com/video/468b341b-4d54-4adf-823f-8934ff05800b?cid=DTCI-Synergy-DDN-Site-Acquisition-StarWars-US-StarWars-StarWarsTheCloneWars-EN-BlogArticleEmbed-TCWChronological_StreamOnDisneyPlusCTA-NA
125,7-08,https://www.starwars.com/series/clone-wars/together-again-episode-guide,Together Again,https://www.disneyplus.com/video/c59f5965-71d6-40e5-8650-ddf076125e0d?cid=DTCI-Synergy-DDN-Site-Acquisition-StarWars-US-StarWars-StarWarsTheCloneWars-EN-BlogArticleEmbed-TCWChronological_StreamOnDisneyPlusCTA-NA
126,7-01,https://www.starwars.com/series/clone-wars/the-bad-batch-episode-guide,The Bad Batch,https://www.disneyplus.com/en-gb/video/9ee46453-c414-4c89-b3ef-b0d4d1c001fc?cid=DTCI-Synergy-DDN-Site-Acquisition-StarWars-US-StarWars-StarWarsTheCloneWars-EN-BlogArticleEmbed-TCWChronological_StreamOnDisneyPlusCTA-NA
127,7-02,https://www.starwars.com/series/clone-wars/a-distant-echo-episode-guide,A Distant Echo,https://www.disneyplus.com/en-gb/video/cbcde944-1622-4f15-a136-47a85e7f75c1?cid=DTCI-Synergy-DDN-Site-Acquisition-StarWars-US-StarWars-StarWarsTheCloneWars-EN-BlogArticleEmbed-TCWChronological_StreamOnDisneyPlusCTA-NA
128,7-03,https://www.starwars.com/series/clone-wars/on-the-wings-of-keeradaks-episode-guide,On the Wings of Keeradaks,https://www.disneyplus.com/en-gb/video/1df8336f-23c4-437a-a360-043e5cb26a41?cid=DTCI-Synergy-DDN-Site-Acquisition-StarWars-US-StarWars-StarWarsTheCloneWars-EN-BlogArticleEmbed-TCWChronological_StreamOnDisneyPlusCTA-NA
129,7-04,https://www.starwars.com/series/clone-wars/unfinished-business-episode-guide,Unfinished Business,https://www.disneyplus.com/en-gb/video/2aba28e0-4dbe-49ab-9512-fa856ff1e791?cid=DTCI-Synergy-DDN-Site-Acquisition-StarWars-US-StarWars-StarWarsTheCloneWars-EN-BlogArticleEmbed-TCWChronological_StreamOnDisneyPlusCTA-NA
130,7-09,https://www.starwars.com/series/clone-wars/old-friends-not-forgotten-episode-guide,Old Friends Not Forgotten,https://www.disneyplus.com/video/0626c961-a67c-4203-bee2-a8166e95b895?cid=DTCI-Synergy-DDN-Site-Acquisition-StarWars-US-StarWars-StarWarsTheCloneWars-EN-BlogArticleEmbed-TCWChronological_StreamOnDisneyPlusCTA-NA
131,7-10,https://www.starwars.com/series/clone-wars/the-phantom-apprentice-episode-guide,The Phantom Apprentice,https://www.disneyplus.com/video/24dd0033-1f7d-492e-9114-63a684fa4f78?cid=DTCI-Synergy-DDN-Site-Acquisition-StarWars-US-StarWars-StarWarsTheCloneWars-EN-BlogArticleEmbed-TCWChronological_StreamOnDisneyPlusCTA-NA
132,7-11,https://www.starwars.com/series/clone-wars/shattered-episode-guide,Shattered,https://www.disneyplus.com/video/cfcd7267-d3d1-4e98-92d6-3129b4c8d686?cid=DTCI-Synergy-DDN-Site-Acquisition-StarWars-US-StarWars-StarWarsTheCloneWars-EN-BlogArticleEmbed-TCWChronological_StreamOnDisneyPlusCTA-NA
133,7-12,https://www.starwars.com/series/clone-wars/victory-and-death-episode-guide,Victory and Death,https://www.disneyplus.com/video/f21bd5ab-d24d-4a4a-b09c-d09d4361148b?cid=DTCI-Synergy-DDN-Site-Acquisition-StarWars-US-StarWars-StarWarsTheCloneWars-EN-BlogArticleEmbed-TCWChronological_StreamOnDisneyPlusCTA-NA